Date,Open,High,Low,Close
31-Jul-17,2763.24,2889.62,2720.61,2875.34
30-Jul-17,2724.39,2758.53,2644.85,2757.18
29-Jul-17,2807.02,2808.76,2692.8,2726.45
28-Jul-17,2679.73,2897.45,2679.73,2809.01
27-Jul-17,2538.71,2693.32,2529.34,2671.78
26-Jul-17,2577.77,2610.76,2450.8,2529.45
25-Jul-17,2757.5,2768.08,2480.96,2576.48
24-Jul-17,2732.7,2777.26,2699.19,2754.86
23-Jul-17,2808.1,2832.18,2653.94,2730.4
22-Jul-17,2668.63,2862.42,2657.71,2810.12
21-Jul-17,2838.41,2838.41,2621.85,2667.76
20-Jul-17,2269.89,2900.7,2269.89,2817.6
19-Jul-17,2323.08,2397.17,2260.23,2273.43
18-Jul-17,2233.52,2387.61,2164.77,2318.88
17-Jul-17,1932.62,2230.49,1932.62,2228.41
16-Jul-17,1991.98,2058.77,1843.03,1929.82
15-Jul-17,2230.12,2231.14,1990.41,1998.86
14-Jul-17,2360.59,2363.25,2183.22,2233.34
13-Jul-17,2402.7,2425.22,2340.83,2357.9
12-Jul-17,2332.77,2423.71,2275.14,2398.84
11-Jul-17,2385.89,2413.47,2296.81,2337.79
10-Jul-17,2525.25,2537.16,2321.13,2372.56
9-Jul-17,2572.61,2635.49,2517.59,2518.44
8-Jul-17,2520.27,2571.34,2492.31,2571.34
7-Jul-17,2608.59,2916.14,2498.87,2518.66
6-Jul-17,2608.1,2616.72,2581.69,2608.56
5-Jul-17,2602.87,2622.65,2538.55,2601.99
4-Jul-17,2561,2631.59,2559.35,2601.64
3-Jul-17,2498.56,2595,2480.47,2564.06
2-Jul-17,2436.4,2514.28,2394.84,2506.47
1-Jul-17,2492.6,2515.27,2419.23,2434.55
30-Jun-17,2539.24,2559.25,2478.43,2480.84
29-Jun-17,2567.56,2588.83,2510.48,2539.32
28-Jun-17,2553.03,2603.98,2484.42,2574.79
27-Jun-17,2478.45,2552.45,2332.99,2552.45
26-Jun-17,2590.57,2615.25,2376.29,2478.45
25-Jun-17,2607.25,2682.26,2552.12,2589.41
24-Jun-17,2738.52,2757.94,2583.19,2608.72
23-Jun-17,2707.34,2765.17,2706.37,2744.91
22-Jun-17,2691.03,2723.74,2642.36,2705.41
21-Jun-17,2709.43,2772.01,2660.4,2689.1
20-Jun-17,2591.26,2763.45,2589.82,2721.79
19-Jun-17,2549.03,2662.85,2549.03,2589.6
18-Jun-17,2655.35,2662.1,2516.33,2548.29
17-Jun-17,2514.01,2685.19,2484.96,2655.88
16-Jun-17,2469.57,2539.92,2385.15,2518.56
15-Jun-17,2499.58,2534.71,2212.96,2464.58
14-Jun-17,2716.88,2786.83,2412.94,2506.37
13-Jun-17,2680.91,2789.04,2650.38,2717.02
12-Jun-17,2953.22,2997.26,2518.56,2659.63
11-Jun-17,2942.41,2996.6,2840.53,2958.11
10-Jun-17,2828.14,2950.99,2746.55,2947.71
9-Jun-17,2807.44,2901.71,2795.62,2823.81
8-Jun-17,2720.49,2815.3,2670.95,2805.62
7-Jun-17,2869.38,2869.38,2700.56,2732.16
6-Jun-17,2690.84,2999.91,2690.84,2863.2
5-Jun-17,2512.4,2686.81,2510.22,2686.81
4-Jun-17,2547.79,2585.89,2452.54,2511.81
3-Jun-17,2493.72,2581.91,2423.57,2515.35
2-Jun-17,2404.03,2488.55,2373.32,2488.55
1-Jun-17,2288.33,2448.39,2288.33,2407.88
31-May-17,2187.19,2311.08,2145.57,2286.41
30-May-17,2255.36,2301.96,2124.57,2175.47
29-May-17,2159.43,2307.05,2107.17,2255.61
28-May-17,2054.08,2267.34,2054.08,2155.8
27-May-17,2196.27,2260.2,1855.83,2038.87
26-May-17,2320.89,2573.79,2071.99,2202.42
25-May-17,2446.24,2763.71,2285.3,2304.98
24-May-17,2321.37,2523.72,2321.37,2443.64
23-May-17,2191.56,2320.82,2178.5,2320.42
22-May-17,2043.19,2303.9,2017.87,2173.4
21-May-17,2067.03,2119.08,2037.5,2041.2
20-May-17,1984.24,2084.73,1974.92,2084.73
19-May-17,1897.37,2004.52,1890.25,1987.71
18-May-17,1818.7,1904.48,1807.12,1888.65
17-May-17,1726.73,1864.05,1661.91,1839.09
16-May-17,1741.7,1785.94,1686.54,1734.45
15-May-17,1808.44,1812.8,1708.54,1738.43
14-May-17,1800.86,1831.42,1776.62,1808.91
13-May-17,1723.12,1812.99,1651.08,1804.91
12-May-17,1845.76,1856.15,1694.01,1724.24
11-May-17,1780.37,1873.93,1755.35,1848.57
10-May-17,1756.52,1788.44,1719.1,1787.13
9-May-17,1723.89,1833.49,1716.3,1755.36
8-May-17,1596.92,1723.35,1596.92,1723.35
7-May-17,1579.47,1596.72,1559.76,1596.71
6-May-17,1556.81,1578.8,1542.5,1578.8
5-May-17,1540.87,1618.03,1530.31,1555.45
4-May-17,1490.72,1608.91,1490.72,1537.67
3-May-17,1453.78,1492.77,1447.49,1490.09
2-May-17,1421.03,1473.9,1415.69,1452.82
1-May-17,1348.3,1434.32,1348.3,1421.6
30-Apr-17,1321.87,1347.91,1314.92,1347.89
29-Apr-17,1317.84,1327.2,1315.21,1321.79
28-Apr-17,1317.74,1331.28,1292.37,1316.48
27-Apr-17,1281.88,1319.7,1281.3,1317.73
26-Apr-17,1265.99,1294.83,1265.93,1281.08
25-Apr-17,1250.45,1267.58,1249.97,1265.49
24-Apr-17,1209.63,1250.94,1209.63,1250.15
23-Apr-17,1231.92,1232.2,1203.94,1207.21
22-Apr-17,1222.71,1235.56,1208.47,1231.71
21-Apr-17,1229.42,1235.94,1215.56,1222.05
20-Apr-17,1211.08,1240.79,1208.41,1229.08
19-Apr-17,1212.13,1215.51,1205.08,1210.29
18-Apr-17,1193.77,1217.57,1193.77,1211.67
17-Apr-17,1183.25,1194.9,1172.65,1193.91
16-Apr-17,1172.61,1187.22,1172.61,1182.94
15-Apr-17,1167.3,1188,1164.96,1172.52
14-Apr-17,1170.33,1190.8,1159.79,1167.54
13-Apr-17,1201.02,1205.89,1156.44,1169.28
12-Apr-17,1204.81,1207.14,1196.76,1200.37
11-Apr-17,1187.46,1208.07,1187.46,1205.01
10-Apr-17,1187.3,1190.34,1179.04,1187.13
9-Apr-17,1176.57,1197.21,1171.86,1187.87
8-Apr-17,1172.65,1184.98,1162.58,1175.95
7-Apr-17,1178.94,1186.58,1163.39,1176.9
6-Apr-17,1125.81,1188.37,1125.81,1182.68
5-Apr-17,1134.14,1135.09,1113.63,1124.78
4-Apr-17,1145.52,1156.44,1120.52,1133.25
3-Apr-17,1102.95,1151.74,1102.95,1143.81
2-Apr-17,1080.61,1107.59,1075.45,1102.17
1-Apr-17,1071.71,1091.72,1061.09,1080.5
31-Mar-17,1026.64,1074.92,1026.64,1071.79
30-Mar-17,1042.21,1049.29,1020.04,1026.43
29-Mar-17,1046.08,1055.13,1015.88,1039.97
28-Mar-17,1044.58,1064.65,1027.73,1047.15
27-Mar-17,972.05,1046.4,971.98,1045.77
26-Mar-17,974.01,1007.96,954.19,966.73
25-Mar-17,936.54,975.76,903.71,972.78
24-Mar-17,1038.45,1040.47,934.36,937.52
23-Mar-17,1050.05,1058.01,1028.93,1038.59
22-Mar-17,1120.65,1120.65,1014.21,1049.14
21-Mar-17,1055.36,1122.43,1055.36,1120.54
20-Mar-17,1037.24,1063.03,1036.68,1054.23
19-Mar-17,976.73,1069.91,976.73,1036.74
18-Mar-17,1099.69,1114.07,957.65,973.82
17-Mar-17,1180.16,1180.16,1099.57,1100.23
16-Mar-17,1251.33,1257.98,1152.44,1187.81
15-Mar-17,1240.16,1251.61,1239.75,1249.61
14-Mar-17,1232.16,1244.81,1220.72,1240
13-Mar-17,1221.78,1237.37,1217.03,1231.92
12-Mar-17,1176.62,1226.98,1175.36,1221.38
11-Mar-17,1116.32,1193.83,1116.32,1175.83
10-Mar-17,1189.36,1270.47,1077.25,1116.72
9-Mar-17,1150.35,1197.46,1141.23,1188.49
8-Mar-17,1223.23,1232.16,1148.08,1150
7-Mar-17,1273.21,1275.55,1204.8,1223.54
6-Mar-17,1267.47,1276,1264.6,1272.83
5-Mar-17,1254.29,1267.29,1238.06,1267.12
4-Mar-17,1277.43,1279.4,1230.51,1255.15
3-Mar-17,1250.71,1280.31,1250.71,1274.99
2-Mar-17,1224.68,1262.13,1215.62,1251.01
1-Mar-17,1180.04,1222.5,1179.69,1222.5
28-Feb-17,1180.72,1193.25,1171.82,1179.97
27-Feb-17,1163.78,1181.98,1163.38,1179.97
26-Feb-17,1144.27,1167.47,1130.2,1165.2
25-Feb-17,1170.41,1174.85,1124.59,1143.84
24-Feb-17,1172.71,1200.39,1131.96,1173.68
23-Feb-17,1117.27,1176.62,1116.96,1166.72
22-Feb-17,1114.8,1125.39,1100.55,1117.44
21-Feb-17,1079.28,1117.25,1076.93,1115.3
20-Feb-17,1048.69,1080.49,1041.69,1079.98
19-Feb-17,1054.76,1056.81,1043.46,1047.87
18-Feb-17,1049.21,1061.1,1046.96,1054.42
17-Feb-17,1026.12,1053.17,1025.64,1046.21
16-Feb-17,1007.65,1033.37,1007.65,1027.44
15-Feb-17,1006.21,1008.84,1001.58,1007.48
14-Feb-17,991.74,1011.51,986.47,1004.55
13-Feb-17,998.88,1002.1,976,990.64
12-Feb-17,1003.52,1004.76,996.92,999.18
11-Feb-17,988.9,1009.29,982.83,1004.45
10-Feb-17,995.63,998.9,946.69,988.67
9-Feb-17,1064.7,1088.99,953.34,994.38
8-Feb-17,1062.32,1078.97,1037.49,1063.07
7-Feb-17,1040.14,1061.93,1040.14,1061.35
6-Feb-17,1028.4,1044.64,1028.16,1038.15
5-Feb-17,1043.52,1043.63,1022.37,1027.34
4-Feb-17,1031.33,1045.9,1015.16,1042.9
3-Feb-17,1011.46,1033.87,1008.79,1029.91
2-Feb-17,990,1013.52,983.22,1011.8
1-Feb-17,970.94,989.11,970.74,989.02
31-Jan-17,920.96,972.02,920.96,970.4
30-Jan-17,920.15,923.05,919.47,920.38
29-Jan-17,922.07,923.42,919.15,919.5
28-Jan-17,919.81,923.91,919.81,921.59
27-Jan-17,918.36,923.22,915.85,919.75
26-Jan-17,902.39,919.33,902.22,917.59
25-Jan-17,891.92,903.25,891.69,901.54
24-Jan-17,910.68,924.14,892.29,892.69
23-Jan-17,925.5,928.27,916.74,921.01
22-Jan-17,922.21,937.52,897.56,924.67
21-Jan-17,895.55,927.37,895.53,921.79
20-Jan-17,898.17,899.4,887.01,895.03
19-Jan-17,888.34,904.61,884.34,899.07
18-Jan-17,909.37,917.5,858.3,886.62
17-Jan-17,830.95,910.56,830.8,907.94
16-Jan-17,821.78,834.53,820.27,831.53
15-Jan-17,818.14,823.31,812.87,821.8
14-Jan-17,825.14,835.09,812.46,818.41
13-Jan-17,803.74,829,780,823.98
12-Jan-17,775.18,826.25,755.76,804.83
11-Jan-17,908.12,919.45,762.76,777.76
10-Jan-17,902.44,914.87,901.06,907.68
9-Jan-17,913.24,913.69,879.81,902.83
8-Jan-17,908.17,942.72,887.25,911.2
7-Jan-17,903.49,908.59,823.56,908.59
6-Jan-17,1014.24,1046.81,883.94,902.2
5-Jan-17,1156.73,1191.1,910.42,1013.38
4-Jan-17,1044.4,1159.42,1044.4,1154.73
3-Jan-17,1021.6,1044.08,1021.6,1043.84
2-Jan-17,998.62,1031.39,996.7,1021.75
1-Jan-17,963.66,1003.08,958.7,998.33
31-Dec-16,960.63,963.74,947.24,963.74
30-Dec-16,972.53,972.53,934.83,961.24
29-Dec-16,975.13,979.4,954.5,973.5
28-Dec-16,934.83,975.92,934.83,975.92
27-Dec-16,908.35,940.05,904.25,933.2
26-Dec-16,896.9,913.18,896.9,907.61
25-Dec-16,899.65,899.65,862.42,896.18
24-Dec-16,922.18,923.48,886.34,898.82
23-Dec-16,864.89,925.12,864.68,921.98
22-Dec-16,834.18,875.78,834.15,864.54
21-Dec-16,800.64,834.28,799.4,834.28
20-Dec-16,792.25,801.34,791.5,800.88
19-Dec-16,790.69,793.61,790.32,792.71
18-Dec-16,791.01,794.74,788.03,790.53
17-Dec-16,785.17,792.51,784.86,790.83
16-Dec-16,778.96,785.03,778.96,784.91
15-Dec-16,780.07,781.43,777.8,778.09
14-Dec-16,780,782.03,776.84,781.48
13-Dec-16,780.65,788.46,777.96,780.56
12-Dec-16,770.04,781.92,770.04,780.09
11-Dec-16,774.75,774.8,765.41,769.73
10-Dec-16,773.02,777.09,772.91,774.65
9-Dec-16,769.94,774.53,769.65,772.79
8-Dec-16,768.08,774.7,765.95,770.81
7-Dec-16,764.21,771.54,759.75,768.13
6-Dec-16,758.72,765.62,758.72,764.22
5-Dec-16,773.39,773.47,751.71,758.7
4-Dec-16,771.64,773.87,768.16,773.87
3-Dec-16,778.25,778.25,764.86,771.15
2-Dec-16,757.54,781.3,757.54,777.94
1-Dec-16,746.05,758.27,746.05,756.77
30-Nov-16,736.28,747.93,736.26,745.69
29-Nov-16,736.33,737.47,734.56,735.6
28-Nov-16,732.48,738.01,732.48,735.81
27-Nov-16,735.44,739.02,731.09,732.03
26-Nov-16,741.51,742.21,729.63,735.38
25-Nov-16,740.44,741.65,734.59,741.65
24-Nov-16,744.62,746.83,733.49,740.29
23-Nov-16,751.74,752.25,738.92,744.59
22-Nov-16,739.64,753.87,736.53,751.35
21-Nov-16,731.26,741.72,730.51,739.25
20-Nov-16,751.88,755.48,717.94,731.03
19-Nov-16,751.83,756.24,744.47,751.62
18-Nov-16,740.71,752.88,736.89,751.59
17-Nov-16,744.88,755.64,739.51,740.98
16-Nov-16,711.17,747.62,709.04,744.2
15-Nov-16,705.79,715.72,705.26,711.62
14-Nov-16,702,706.28,699.81,705.02
13-Nov-16,705.2,705.26,687.32,702.03
12-Nov-16,716.75,717.15,704.03,705.05
11-Nov-16,715.55,718.32,714.41,716.41
10-Nov-16,722.84,723.02,711.21,715.53
9-Nov-16,709.83,740.05,708.61,723.27
8-Nov-16,703.09,712.99,702.39,709.85
7-Nov-16,710.74,710.74,699.9,703.13
6-Nov-16,703.81,714.26,699.56,711.52
5-Nov-16,703.52,707.51,697.74,703.42
4-Nov-16,689.12,706.93,685.56,703.24
3-Nov-16,742.35,745.77,678.16,688.7
2-Nov-16,730.07,740.83,722.35,740.83
1-Nov-16,701.34,736.45,701.34,729.79
31-Oct-16,702.64,709.29,691.68,700.97
30-Oct-16,714.12,714.12,696.48,701.86
29-Oct-16,690.29,720.4,690.05,714.48
28-Oct-16,688,690.44,684.16,689.65
27-Oct-16,678.21,688.59,678.04,688.31
26-Oct-16,657.68,679.73,657.68,678.3
25-Oct-16,654,664.42,653.7,657.59
24-Oct-16,657.16,657.25,652.6,653.76
23-Oct-16,657.62,661.13,653.89,657.07
22-Oct-16,633.14,658.2,632.85,657.29
21-Oct-16,630.83,634.09,630.69,632.83
20-Oct-16,630.66,631.92,628.26,630.86
19-Oct-16,638.13,638.87,628.01,630.52
18-Oct-16,639.41,640.74,636,637.96
17-Oct-16,641.82,642.33,638.66,639.19
16-Oct-16,639.08,642.9,638.9,641.63
15-Oct-16,640.31,642.1,637.39,638.65
14-Oct-16,637.01,641.28,637.01,640.38
13-Oct-16,636.03,638.83,635.03,636.79
12-Oct-16,640.87,641.34,635.97,636.19
11-Oct-16,619.24,642.08,618.5,641.07
10-Oct-16,616.82,621.32,616.2,618.99
9-Oct-16,619.17,619.2,616.61,616.75
8-Oct-16,617.34,619.85,617.34,619.11
7-Oct-16,612.61,617.91,611.82,617.12
6-Oct-16,612.47,613.82,611.47,613.02
5-Oct-16,610.22,613.81,609.62,612.51
4-Oct-16,612.05,612.05,609.48,610.2
3-Oct-16,610.97,612.57,610.46,612.13
2-Oct-16,613.95,614,609.68,610.89
1-Oct-16,609.93,615.24,609.93,613.98
30-Sep-16,605.72,609.74,604.14,609.74
29-Sep-16,605.02,606.82,604.85,605.69
28-Sep-16,606.24,606.59,604.61,604.73
27-Sep-16,608.02,608.25,604.11,606.17
26-Sep-16,600.81,608.14,600.35,608.04
25-Sep-16,602.75,603.38,599.71,600.83
24-Sep-16,602.96,604.58,602.04,602.63
23-Sep-16,596.2,603.21,595.79,602.84
22-Sep-16,597.28,598.49,596.21,596.3
21-Sep-16,603.59,603.59,595.88,597.15
20-Sep-16,609.25,609.52,607.94,608.31
19-Sep-16,609.87,610.93,608.27,609.23
18-Sep-16,606.28,610.16,605.86,609.87
17-Sep-16,607.22,607.86,605.19,605.98
16-Sep-16,607.25,609.26,606.74,606.97
15-Sep-16,610.59,611.09,607.15,607.15
14-Sep-16,608.84,611.95,608.41,610.68
13-Sep-16,608.02,611.19,606.92,609.24
12-Sep-16,607,608.46,605.41,608.24
11-Sep-16,623.42,628.82,600.51,606.72
10-Sep-16,622.93,625.1,622.39,623.51
9-Sep-16,626.35,626.83,620.26,622.86
8-Sep-16,614.63,628.77,613.84,626.32
7-Sep-16,610.57,614.54,608.51,614.54
6-Sep-16,606.51,610.83,605.09,610.44
5-Sep-16,608.99,609.05,602.24,606.59
4-Sep-16,598.59,611.84,596.85,608.63
3-Sep-16,575.55,599.5,574.06,598.21
2-Sep-16,572.41,575.64,570.81,575.54
1-Sep-16,575.55,576.31,571.81,572.3
31-Aug-16,577.59,577.86,573.64,575.47
30-Aug-16,574.11,578.36,574.11,577.5
29-Aug-16,574.07,576.28,573.47,574.11
28-Aug-16,569.83,574.04,569.74,573.91
27-Aug-16,579.45,579.85,568.63,569.95
26-Aug-16,577.75,580.62,576.86,579.65
25-Aug-16,580.18,580.45,575.17,577.76
24-Aug-16,583.41,583.59,579.86,580.18
23-Aug-16,586.77,589.47,581.63,583.41
22-Aug-16,581.31,588.45,580.59,586.75
21-Aug-16,581.94,584.16,580.22,581.31
20-Aug-16,576.08,582.82,575.46,581.7
19-Aug-16,574.34,578.24,574.18,575.63
18-Aug-16,573.71,577.79,573.43,574.32
17-Aug-16,577.76,580.89,571.43,573.22
16-Aug-16,567.24,581.74,566.72,577.44
15-Aug-16,570.49,573.58,563.24,567.24
14-Aug-16,585.59,585.67,564.78,570.47
13-Aug-16,587.36,589.77,584.98,585.59
12-Aug-16,588.8,589.91,583.81,587.56
11-Aug-16,592.12,597.54,589.12,589.12
10-Aug-16,587.65,599.98,586.37,592.1
9-Aug-16,591.04,591.09,584.79,587.8
8-Aug-16,592.74,592.99,588.05,591.05
7-Aug-16,587.77,597.51,586.82,592.69
6-Aug-16,575.03,588.4,569.47,587.78
5-Aug-16,578.28,578.28,569.98,575.04
4-Aug-16,566.33,579.5,565.78,578.29
3-Aug-16,548.66,573.36,541.55,566.36
2-Aug-16,606.4,612.85,531.33,547.47
1-Aug-16,624.6,626.12,605.88,606.27
31-Jul-16,655.1,655.28,624.37,624.68
30-Jul-16,657.01,658.22,654.21,655.05
29-Jul-16,655.11,657.8,654.79,656.99
28-Jul-16,654.49,657.6,654.49,655.03
27-Jul-16,651.63,657.46,648.45,654.35
26-Jul-16,654.23,656.23,645.88,651.78
25-Jul-16,661.26,661.83,653.39,654.1
24-Jul-16,655.41,663.11,652.79,661.28
23-Jul-16,650.73,656.37,648.52,655.56
22-Jul-16,664.92,666.58,646.72,650.62
21-Jul-16,665.23,666.22,660.41,665.01
20-Jul-16,672.81,672.93,663.36,665.68
19-Jul-16,672.74,673.28,667.63,672.86
18-Jul-16,679.81,681.55,668.63,673.11
17-Jul-16,661.99,682.37,661.99,679.46
16-Jul-16,663.78,666.46,659.33,660.77
15-Jul-16,659.17,667.08,659.04,663.25
14-Jul-16,652.92,662.9,652.92,658.08
13-Jul-16,664.8,668.7,654.47,654.47
12-Jul-16,648.28,675.26,646.78,664.55
11-Jul-16,648.48,659.63,644.98,647.66
10-Jul-16,650.6,652.29,641.26,649.36
9-Jul-16,666.38,666.38,633.4,650.96
8-Jul-16,640.69,666.71,636.47,666.52
7-Jul-16,678.09,682.43,611.83,640.56
6-Jul-16,670.42,681.9,670.42,677.33
5-Jul-16,683.21,683.49,665.07,670.63
4-Jul-16,658.8,683.66,650.51,683.66
3-Jul-16,704.97,704.97,649.01,658.66
2-Jul-16,676.73,703.7,676.4,703.7
1-Jul-16,672.51,686.15,669.59,676.3
30-Jun-16,640.59,675.4,636.61,673.34
29-Jun-16,644.12,644.68,628.28,639.89
28-Jun-16,658.1,659.25,637.77,647
27-Jun-16,629.35,655.27,620.52,655.27
26-Jun-16,665.93,665.98,616.93,629.37
25-Jun-16,665.28,691.73,646.56,665.12
24-Jun-16,625.58,681.73,625.27,665.3
23-Jun-16,597.44,629.33,558.14,623.98
22-Jun-16,665.91,678.67,587.48,596.12
21-Jun-16,735.88,735.88,639.07,666.65
20-Jun-16,763.93,764.08,732.73,737.23
19-Jun-16,756.69,766.62,745.63,763.78
18-Jun-16,748.76,777.99,733.93,756.23
17-Jun-16,768.49,775.36,716.56,748.91
16-Jun-16,696.52,773.72,696.52,766.31
15-Jun-16,685.68,696.3,672.56,694.47
14-Jun-16,704.5,704.5,662.8,685.56
13-Jun-16,671.65,716,664.49,704.38
12-Jun-16,609.68,684.84,607.04,672.78
11-Jun-16,578.67,607.12,578.67,606.73
10-Jun-16,575.84,579.13,573.33,577.47
9-Jun-16,582.2,582.2,570.95,574.63
8-Jun-16,577.17,582.84,573.13,581.64
7-Jun-16,585.45,590.26,567.51,576.6
6-Jun-16,574.6,586.47,574.6,585.54
5-Jun-16,573.31,582.81,569.18,574.98
4-Jun-16,569.71,590.13,564.24,572.73
3-Jun-16,537.68,574.64,536.92,569.19
2-Jun-16,536.51,540.35,533.08,537.97
1-Jun-16,531.11,543.08,525.64,536.92
31-May-16,534.19,546.62,520.66,531.39
30-May-16,528.47,544.35,522.96,533.86
29-May-16,527.48,553.96,512.18,526.23
28-May-16,473.03,533.47,472.7,530.04
27-May-16,453.52,478.15,453.52,473.46
26-May-16,449.67,453.64,447.9,453.38
25-May-16,446.06,450.3,446.06,449.6
24-May-16,444.29,447.1,443.93,445.98
23-May-16,439.35,444.35,438.82,444.15
22-May-16,443.22,443.43,439.04,439.32
21-May-16,442.97,443.78,441.71,443.19
20-May-16,437.79,444.05,437.39,442.68
19-May-16,454.52,454.63,438.71,438.71
18-May-16,453.69,456,453.3,454.62
17-May-16,454.01,455.07,453.61,453.78
16-May-16,457.59,458.2,452.94,454.16
15-May-16,455.76,458.69,455.46,457.57
14-May-16,455.82,456.84,454.79,455.67
13-May-16,454.85,457.06,453.45,455.67
12-May-16,452.45,454.95,449.25,454.77
11-May-16,450.86,454.58,450.86,452.73
10-May-16,460.52,461.93,448.95,450.89
9-May-16,458.21,462.48,456.53,460.48
8-May-16,458.43,459.42,455.98,458.55
7-May-16,459.64,460.68,457.32,458.54
6-May-16,447.94,461.38,447.07,459.6
5-May-16,446.71,448.51,445.88,447.98
4-May-16,450.18,450.38,445.63,446.72
3-May-16,444.73,451.1,442.62,450.3
2-May-16,451.93,452.44,441.78,444.67
1-May-16,448.48,452.48,447.93,451.88
30-Apr-16,455.18,455.59,447.7,448.32
29-Apr-16,449.41,455.38,446.02,455.1
28-Apr-16,445.04,449.55,436.65,449.01
27-Apr-16,466.26,467.08,444.13,444.69
26-Apr-16,461.65,467.96,461.62,466.09
25-Apr-16,459.12,466.62,453.59,461.43
24-Apr-16,450.56,460.15,448.93,458.56
23-Apr-16,445.86,450.28,444.33,450.28
22-Apr-16,449.69,449.81,444.15,445.74
21-Apr-16,441.42,450.55,440.95,449.43
20-Apr-16,435.32,443.05,434.41,441.39
19-Apr-16,428.7,436.02,428.1,435.51
18-Apr-16,427.61,429.27,427.09,428.59
17-Apr-16,430.64,431.37,426.08,427.4
16-Apr-16,429.57,432.63,428.98,430.57
15-Apr-16,424.43,429.93,424.43,429.71
14-Apr-16,423.94,425.37,423.01,424.28
13-Apr-16,425.63,426.66,422.92,423.73
12-Apr-16,422.84,427.28,422.84,425.19
11-Apr-16,421.87,422.74,420.53,422.48
10-Apr-16,419.59,422.44,419.26,421.56
9-Apr-16,420.81,420.89,416.51,419.41
8-Apr-16,422.91,425.36,419.63,420.35
7-Apr-16,423.62,423.66,420.52,422.75
6-Apr-16,424.28,424.53,422.73,423.41
5-Apr-16,421.02,424.26,420.61,424.03
4-Apr-16,421.3,422.34,419.6,421.44
3-Apr-16,421.17,421.58,419.7,420.9
2-Apr-16,418.42,422.08,418.42,420.87
1-Apr-16,416.76,418.17,415.83,417.96
31-Mar-16,415.26,418.37,415.26,416.73
30-Mar-16,416.83,416.83,412.5,414.82
29-Mar-16,424.3,426.2,412.68,416.52
28-Mar-16,426.55,426.86,423.29,424.23
27-Mar-16,418.14,428.8,417.71,426.76
26-Mar-16,417.37,418.99,416.26,417.94
25-Mar-16,416.51,418.08,415.56,417.18
24-Mar-16,418.42,418.68,415.49,416.39
23-Mar-16,418.16,419.27,417.36,418.04
22-Mar-16,413.13,418.38,412.53,418.09
21-Mar-16,413.42,413.42,410.38,413.31
20-Mar-16,410.4,414.63,410.4,413.75
19-Mar-16,409.26,410.98,407.23,410.44
18-Mar-16,420.55,420.55,406.14,409.55
17-Mar-16,417.89,421,417.89,420.62
16-Mar-16,416.89,417.69,415.91,417.01
15-Mar-16,416.39,418.13,414.99,416.83
14-Mar-16,414.2,416.68,414.2,416.44
13-Mar-16,411.65,416.6,411.64,414.06
12-Mar-16,421.61,421.8,410.09,411.62
11-Mar-16,417.24,423.93,417.01,421.69
10-Mar-16,414.74,417.51,413.25,417.13
9-Mar-16,413.89,416.03,411.61,414.86
8-Mar-16,414.46,416.24,411.09,413.97
7-Mar-16,407.76,415.92,406.31,414.32
6-Mar-16,400.52,411.91,395.78,407.71
5-Mar-16,410.78,411.26,394.04,400.57
4-Mar-16,421.84,425.18,410.94,410.94
3-Mar-16,423.91,425.37,419.41,421.65
2-Mar-16,435.13,435.92,423.99,423.99
1-Mar-16,437.92,439.65,432.32,435.12
29-Feb-16,433.44,441.51,431.69,437.7
28-Feb-16,432.57,435.68,423.82,433.5
27-Feb-16,432.84,434.23,428.1,432.52
26-Feb-16,424.63,432.15,421.62,432.15
25-Feb-16,425.04,427.72,420.42,424.54
24-Feb-16,420.96,425.55,413.91,424.95
23-Feb-16,438.25,439.86,417.82,420.74
22-Feb-16,438.99,439.05,432.92,437.75
21-Feb-16,437.77,448.05,429.08,438.8
20-Feb-16,421.6,441.98,421.6,437.16
19-Feb-16,422.73,423.1,417.6,420.79
18-Feb-16,416.57,426,415.64,422.37
17-Feb-16,407.66,421.17,406.78,416.32
16-Feb-16,401.43,408.94,401.43,407.49
15-Feb-16,407.57,410.38,397.75,400.19
14-Feb-16,392.93,407.23,392.93,407.23
13-Feb-16,384.64,391.86,384.64,391.86
12-Feb-16,379.69,384.95,379.6,384.26
11-Feb-16,382.11,383.13,376.4,379.65
10-Feb-16,376.15,385.48,375.78,381.65
9-Feb-16,373.42,377.25,372.9,376.03
8-Feb-16,376.76,379.88,373.33,373.45
7-Feb-16,376.51,380.87,374.9,376.62
6-Feb-16,386.59,386.63,372.39,376.52
5-Feb-16,388.9,391.09,385.57,386.55
4-Feb-16,370.17,391.61,369.99,389.59
3-Feb-16,374.65,374.95,368.05,369.95
2-Feb-16,372.92,375.88,372.92,374.45
1-Feb-16,369.35,378.07,367.96,373.06
31-Jan-16,378.29,380.35,367.83,368.77
30-Jan-16,378.87,380.92,376.49,378.25
29-Jan-16,380.11,384.38,365.45,379.47
28-Jan-16,395.15,395.5,379.74,380.29
27-Jan-16,392.44,396.84,391.78,394.97
26-Jan-16,392,397.77,390.57,392.15
25-Jan-16,402.32,402.32,388.55,391.73
24-Jan-16,388.1,405.49,387.51,402.97
23-Jan-16,382.43,394.54,381.98,387.49
22-Jan-16,409.75,410.41,375.28,382.49
21-Jan-16,419.63,422.88,406.3,410.26
20-Jan-16,379.74,425.27,376.6,420.23
19-Jan-16,387.03,387.73,378.97,380.15
18-Jan-16,381.73,388.1,376.67,387.17
17-Jan-16,387.15,390.96,380.09,382.3
16-Jan-16,365.07,390.56,354.91,387.54
15-Jan-16,430.25,430.25,364.33,364.33
14-Jan-16,432.29,433.32,427.85,430.31
13-Jan-16,434.67,435.19,424.44,432.37
12-Jan-16,448.18,448.18,435.69,435.69
11-Jan-16,448.7,450.66,443.86,448.43
10-Jan-16,448.24,448.31,440.35,447.99
9-Jan-16,453.38,454.64,446.89,447.61
8-Jan-16,457.54,462.93,447.94,453.23
7-Jan-16,430.01,458.77,429.08,458.05
6-Jan-16,431.86,431.86,426.34,429.11
5-Jan-16,433.07,434.18,429.68,431.96
4-Jan-16,430.06,434.52,429.08,433.09
3-Jan-16,433.58,433.74,424.71,430.01
2-Jan-16,434.62,436.06,431.87,433.44
1-Jan-16,430.72,436.25,427.51,434.33
31-Dec-15,425.88,432.92,418.74,430.57
30-Dec-15,433.3,434.39,422.08,426.62
29-Dec-15,422.1,432.98,420.63,432.98
28-Dec-15,423.34,429.77,418.48,422.28
27-Dec-15,416.51,424.01,408.88,422.82
26-Dec-15,455.76,457.49,405.76,417.27
25-Dec-15,454.86,458.31,452.07,455.65
24-Dec-15,443.09,458.46,443.08,454.99
23-Dec-15,436.72,444.53,436.62,442.4
22-Dec-15,437.44,443.69,435.52,436.57
21-Dec-15,442.84,444.73,427.31,438.64
20-Dec-15,462.23,462.64,434.34,442.69
19-Dec-15,463.55,465.58,456.76,462.32
18-Dec-15,455.85,465.18,454.94,463.62
17-Dec-15,454.78,457.86,448.86,456.08
16-Dec-15,465.21,465.21,443.85,454.93
15-Dec-15,443.88,465.32,443.88,465.32
14-Dec-15,433.27,447.14,430.46,444.18
13-Dec-15,431.66,441.68,426.27,433.75
12-Dec-15,452.33,469.1,410.74,435
11-Dec-15,415.28,451.94,415.28,451.94
10-Dec-15,417.99,419.51,411.55,415.48
9-Dec-15,414.44,423.12,406.29,417.56
8-Dec-15,395.75,415.56,389.95,415.56
7-Dec-15,389.98,399.97,385.41,395.54
6-Dec-15,389.56,402.81,387.09,388.78
5-Dec-15,363.72,389.79,363.23,388.95
4-Dec-15,361.26,363.52,355.76,363.18
3-Dec-15,359.33,370.27,357.41,361.05
2-Dec-15,361.85,362.23,349.46,359.19
1-Dec-15,377.41,378.93,356.56,362.49
30-Nov-15,371.44,382.36,370.38,377.32
29-Nov-15,357.47,371.94,355.67,371.29
28-Nov-15,357.14,359.54,352.17,357.38
27-Nov-15,351.86,363.59,347.87,358.04
26-Nov-15,328.3,366.76,328.23,352.68
25-Nov-15,320.05,329.13,316.77,328.21
24-Nov-15,323.01,323.06,318.12,320.05
23-Nov-15,324.35,325.12,321.29,323.05
22-Nov-15,326.98,327.01,321.26,324.54
21-Nov-15,322.09,328.16,319.6,326.93
20-Nov-15,326.41,326.47,312.22,322.02
19-Nov-15,334.68,335.33,325.27,326.15
18-Nov-15,334.59,336.53,330.64,334.59
17-Nov-15,330.36,338.35,329.61,335.09
16-Nov-15,319.74,331.63,315.9,330.75
15-Nov-15,333.05,334.66,317.49,320.17
14-Nov-15,336.62,338.18,329.97,332.91
13-Nov-15,338.5,340.91,326.07,336.75
12-Nov-15,314.08,345.08,313.36,338.15
11-Nov-15,339.82,340.58,301,311.08
10-Nov-15,379.98,381.39,329.11,336.82
9-Nov-15,374.32,385.28,362.89,380.26
8-Nov-15,384.28,389.89,368.7,373.37
7-Nov-15,374.27,390.59,372.43,386.48
6-Nov-15,388.05,395.84,354.02,374.47
5-Nov-15,408.08,447.56,374.58,386.35
4-Nov-15,403.66,495.56,380.55,411.56
3-Nov-15,361.87,417.9,357.65,403.42
2-Nov-15,325.94,365.36,323.21,361.19
1-Nov-15,315,327.47,311.88,325.43
31-Oct-15,328.51,332.78,309.25,314.17
30-Oct-15,313.94,334.17,313.94,328.01
29-Oct-15,304.32,318.17,301.82,313.86
28-Oct-15,293.7,306.33,293.7,304.62
27-Oct-15,285.18,296.21,285.01,293.79
26-Oct-15,283.63,285.3,280.51,285.3
25-Oct-15,281.44,294.06,281.44,283.68
24-Oct-15,276.5,281.71,276.5,281.65
23-Oct-15,273.65,278.68,273.54,276.5
22-Oct-15,266.5,276.51,266.13,274.02
21-Oct-15,269.31,270.77,263.84,266.27
20-Oct-15,263.57,270.83,263.23,269.46
19-Oct-15,261.86,264.82,260.95,263.44
18-Oct-15,270.91,271.67,260.78,261.64
17-Oct-15,262.75,273.58,262.37,270.64
16-Oct-15,254.3,266.13,253.93,262.87
15-Oct-15,252.11,255.96,252.05,254.32
14-Oct-15,249.49,254.28,248.9,251.99
13-Oct-15,245.2,250.24,243.76,249.51
12-Oct-15,246.88,247.45,245.18,245.31
11-Oct-15,244.74,247.24,244.15,247.05
10-Oct-15,243.74,245.32,243.07,244.94
9-Oct-15,242.5,244.23,242.12,243.93
8-Oct-15,243.07,244.25,242.18,242.3
7-Oct-15,246.17,246.68,242.59,242.97
6-Oct-15,240.36,246.94,240.14,246.06
5-Oct-15,238.15,240.38,237.03,240.38
4-Oct-15,238.53,238.97,237.94,238.26
3-Oct-15,237.2,239.31,236.94,238.73
2-Oct-15,237.26,238.54,236.6,237.29
1-Oct-15,236,238.44,235.62,237.55
30-Sep-15,236.64,237.73,235.63,236.06
29-Sep-15,239.02,239.8,235.93,236.69
28-Sep-15,232.84,239.34,232.47,239.14
27-Sep-15,234.14,234.53,232.48,232.76
26-Sep-15,235.08,235.4,233.36,234.34
25-Sep-15,234.36,237.43,233.68,235.14
24-Sep-15,230.36,235.65,230.29,234.53
23-Sep-15,230.94,231.84,229.59,230.28
22-Sep-15,226.97,232.39,225.12,230.62
21-Sep-15,231.22,231.22,226.52,227.09
20-Sep-15,231.4,232.37,230.91,231.21
19-Sep-15,232.86,233.21,231.09,231.49
18-Sep-15,233.52,234.35,232.19,232.97
17-Sep-15,229.08,230.28,228.93,229.81
16-Sep-15,230.25,231.22,227.4,229.09
15-Sep-15,230.49,259.18,229.82,230.3
14-Sep-15,230.61,232.44,227.96,230.64
13-Sep-15,235.24,235.94,229.33,230.51
12-Sep-15,239.85,240.12,234.75,235.23
11-Sep-15,238.33,241.17,238.33,240.11
10-Sep-15,238.34,241.29,235.79,238.48
9-Sep-15,243.41,244.42,237.82,238.17
8-Sep-15,239.85,245.78,239.68,243.61
7-Sep-15,239.93,242.11,238.72,239.85
6-Sep-15,234.87,242.91,234.68,239.84
5-Sep-15,230.2,236.14,229.44,235.02
4-Sep-15,227.22,230.9,227.05,230.3
3-Sep-15,229.32,229.6,226.67,227.18
2-Sep-15,228.03,230.58,226.47,229.28
1-Sep-15,230.26,231.22,226.86,228.12
31-Aug-15,229.11,231.96,225.91,230.06
30-Aug-15,229.9,232.07,226.25,228.76
29-Aug-15,231.55,233.22,227.33,229.78
28-Aug-15,224.7,235.22,220.93,231.4
27-Aug-15,226.05,228.64,223.68,224.77
26-Aug-15,222.08,231.18,220.2,225.83
25-Aug-15,210.07,226.32,199.57,221.61
24-Aug-15,228.11,228.14,210.44,210.5
23-Aug-15,230.38,232.71,225.58,228.17
22-Aug-15,232.66,234.96,222.7,230.39
21-Aug-15,235.35,236.43,231.72,232.57
20-Aug-15,226.9,237.37,226.9,235.35
19-Aug-15,225.67,237.41,222.77,226.68
18-Aug-15,257.93,257.99,211.08,211.08
17-Aug-15,258.49,260.5,257.12,257.98
16-Aug-15,261.87,262.44,257.04,258.51
15-Aug-15,265.53,266.67,261.3,261.55
14-Aug-15,264.13,267.47,261.48,265.68
13-Aug-15,266.18,266.23,262.84,264.08
12-Aug-15,270.6,270.67,265.47,266.38
11-Aug-15,264.34,270.39,264.09,270.39
10-Aug-15,265.48,267.03,262.6,264.47
9-Aug-15,261.12,267,260.47,265.08
8-Aug-15,279.74,279.93,260.71,261
7-Aug-15,278.74,280.39,276.37,279.58
6-Aug-15,281.91,281.91,278.4,278.58
5-Aug-15,284.85,285.5,281.49,281.88
4-Aug-15,281.23,285.71,281.23,285.22
3-Aug-15,282.81,285.47,280.23,281.23
2-Aug-15,280.45,283.03,277.53,282.61
1-Aug-15,284.69,284.93,278.11,281.6
31-Jul-15,287.7,288.96,282.34,284.65
30-Jul-15,289.1,290.13,286.57,287.72
29-Jul-15,294.48,294.54,288.78,289.59
28-Jul-15,293.63,296.65,293.42,294.43
27-Jul-15,292.64,297.77,287.45,293.62
26-Jul-15,288.64,293.05,287.71,292.69
25-Jul-15,288.16,290.73,286,288.7
24-Jul-15,276,289.25,275.25,288.28
23-Jul-15,277.34,278.11,275.72,276.05
22-Jul-15,275.66,277.67,274.38,277.22
21-Jul-15,278.88,280.55,275.42,275.83
20-Jul-15,273.5,278.98,272.96,278.98
19-Jul-15,274.77,275.67,272.51,273.61
18-Jul-15,279.33,282.53,274.07,274.9
17-Jul-15,278.09,280.28,272.04,279.47
16-Jul-15,286.04,291.18,275.24,278.09
15-Jul-15,288.05,293.25,285.37,285.83
14-Jul-15,292.03,296.15,286.64,287.46
13-Jul-15,310.83,310.95,281.01,292.05
12-Jul-15,293.14,314.39,292.5,310.87
11-Jul-15,284.88,298.51,283.53,293.12
10-Jul-15,269.16,294.59,268.8,284.89
9-Jul-15,270.83,272.33,267.09,269.23
8-Jul-15,265.98,272.97,264.39,270.79
7-Jul-15,269.96,271.34,264.83,266.21
6-Jul-15,271.11,277.42,267.6,269.03
5-Jul-15,260.81,274.51,258.7,271.91
4-Jul-15,256.49,261.46,254.2,260.89
3-Jul-15,255.46,257.08,253.5,256.34
2-Jul-15,258.55,261.63,254.12,255.41
1-Jul-15,263.35,265.17,255.77,258.62
30-Jun-15,257.04,267.87,255.95,263.07
29-Jun-15,248.72,257.17,248.58,257.06
28-Jun-15,250.96,251.17,247.43,249.01
27-Jun-15,243.55,251.34,243.12,250.99
26-Jun-15,242.6,243.75,241.55,243.59
25-Jun-15,240.37,243.33,240.37,242.8
24-Jun-15,244.28,244.34,240.51,240.51
23-Jun-15,246.93,247.3,243.13,244.3
22-Jun-15,243.97,247.92,243.78,246.99
21-Jun-15,245.1,245.22,241.88,243.94
20-Jun-15,244.53,245.83,240.63,245.21
19-Jun-15,249.04,250.98,243.79,244.61
18-Jun-15,249.43,252.11,244.13,249.01
17-Jun-15,250.82,256.85,246.48,249.28
16-Jun-15,236.76,251.74,236.12,250.9
15-Jun-15,233.42,237.84,233.42,236.82
14-Jun-15,232.44,234.86,232,233.54
13-Jun-15,229.92,232.65,229.21,232.4
12-Jun-15,229.71,231.06,229.31,229.98
11-Jun-15,228.85,230.29,228.77,229.71
10-Jun-15,229,229.78,228.01,228.8
9-Jun-15,228.54,230.95,227.93,229.05
8-Jun-15,222.88,229.46,222.84,228.49
7-Jun-15,225.6,226.19,222.65,222.88
6-Jun-15,225,225.72,224.38,225.62
5-Jun-15,224.15,225.97,223.18,224.95
4-Jun-15,225.77,226.58,224.05,224.32
3-Jun-15,225.74,227.4,223.93,225.87
2-Jun-15,222.89,226.42,222.42,225.8
1-Jun-15,230.23,231.71,221.3,222.93
31-May-15,233.13,233.25,229.54,230.19
30-May-15,237.09,237.09,232.05,233.34
29-May-15,237.38,237.52,235.73,237.1
28-May-15,237.26,237.82,236.65,237.41
27-May-15,237.06,238.64,236.69,237.28
26-May-15,237.1,238.24,235.69,237.12
25-May-15,240.93,241.02,236.64,237.11
24-May-15,238.98,241.98,238.81,240.95
23-May-15,240.29,241.03,238.69,238.87
22-May-15,235.32,240.97,235.06,240.35
21-May-15,234.02,236.24,233.84,235.34
20-May-15,231.89,234.68,231.84,234.02
19-May-15,233.04,234.15,231.82,231.95
18-May-15,236.89,237.21,232.46,233.13
17-May-15,236.01,238.03,236.01,236.8
16-May-15,237.64,237.7,235.29,236.15
15-May-15,236.96,238.75,236.79,237.6
14-May-15,236.21,237.8,234.06,236.93
13-May-15,241.4,243.7,235.04,236.38
12-May-15,242.15,242.88,240.1,241.11
11-May-15,240.3,244.27,239.38,242.16
10-May-15,241.73,244.07,238.85,240.3
9-May-15,243.77,247.8,239.64,241.83
8-May-15,237.2,246.28,236.27,243.86
7-May-15,229.66,239.1,228.57,237.33
6-May-15,236.25,236.45,229.23,229.78
5-May-15,238.85,239.2,232.05,236.12
4-May-15,240.36,242.64,237.81,239.02
3-May-15,234.88,243.24,234.08,240.36
2-May-15,232.34,235.73,232.34,234.93
1-May-15,235.94,238.97,232.08,232.08
30-Apr-15,225.69,239.56,224.99,236.15
29-Apr-15,225.59,227.04,223.43,225.81
28-Apr-15,228.97,229.5,223.07,225.85
27-Apr-15,219.43,233.31,218.02,229.29
26-Apr-15,226.41,226.94,214.87,219.43
25-Apr-15,231.24,232.56,226.34,226.39
24-Apr-15,235.97,236.31,229.93,231.27
23-Apr-15,234.05,236.47,233.2,236.46
22-Apr-15,235.6,237.91,233.48,234.18
21-Apr-15,224.62,235.27,224.3,235.27
20-Apr-15,222.61,226.35,221.98,224.63
19-Apr-15,223.46,226.35,222.37,222.6
18-Apr-15,222.85,224.32,220.88,223.36
17-Apr-15,228.57,228.91,221.94,222.88
16-Apr-15,223.92,229.67,223.92,228.57
15-Apr-15,219.07,223.83,218.65,223.83
14-Apr-15,224.76,224.98,216.32,219.16
13-Apr-15,235.95,236.94,222,224.59
12-Apr-15,236.53,237.73,233.5,236.15
11-Apr-15,236.02,239.54,234.18,236.55
10-Apr-15,243.69,243.69,232.77,236.07
9-Apr-15,244.75,246.12,239.4,243.68
8-Apr-15,253.06,253.85,244.22,245.02
7-Apr-15,255.27,255.81,252.21,253.18
6-Apr-15,260.72,261.8,254.57,255.49
5-Apr-15,253.76,260.68,251.94,260.6
4-Apr-15,254.29,255.26,251.1,253.7
3-Apr-15,253.07,256.04,251.88,254.32
2-Apr-15,247.09,254.46,245.42,253
1-Apr-15,244.22,247.54,241.16,247.27
31-Mar-15,247.45,248.73,242.74,244.22
30-Mar-15,242.88,249.24,239.21,247.53
29-Mar-15,252.74,253.14,240.85,242.71
28-Mar-15,246.97,254.21,246.97,252.8
27-Mar-15,248.57,256.81,245.21,247.03
26-Mar-15,246.28,254.35,244.91,248.53
25-Mar-15,247.47,249.19,236.51,246.2
24-Mar-15,266.58,267,244.16,245.59
23-Mar-15,267.89,277.3,261.75,266.74
22-Mar-15,259.92,269.75,259.59,267.96
21-Mar-15,261.64,262.2,255.65,260.02
20-Mar-15,260.96,264.85,259.16,261.75
19-Mar-15,255.88,264.24,248.64,260.93
18-Mar-15,285.07,285.34,249.87,256.3
17-Mar-15,290.6,292.37,284.37,285.5
16-Mar-15,285.69,294.11,285.69,290.59
15-Mar-15,281.43,286.53,281,286.39
14-Mar-15,284.44,286.34,280.98,281.88
13-Mar-15,294.12,294.5,285.34,285.34
12-Mar-15,296.13,297.09,292.41,294.35
11-Mar-15,291.52,297.39,290.51,296.38
10-Mar-15,289.86,300.04,289.74,291.76
9-Mar-15,274.81,292.7,273.89,289.61
8-Mar-15,276.43,277.86,272.56,274.35
7-Mar-15,272.29,277.85,270.13,276.26
6-Mar-15,275.6,277.61,270.01,272.72
5-Mar-15,272.74,281.67,264.77,276.18
4-Mar-15,281.99,284.23,268.13,273.09
3-Mar-15,275.05,285.8,268.16,281.7
2-Mar-15,260.36,276.3,258.31,275.67
1-Mar-15,254.28,261.66,245.93,260.2
28-Feb-15,253.52,254.69,249.48,254.26
27-Feb-15,236.44,256.65,236.44,253.83
26-Feb-15,237.34,237.71,234.26,236.43
25-Feb-15,238.89,239.34,235.53,237.47
24-Feb-15,239,239.9,236.4,238.74
23-Feb-15,236,240.11,232.42,238.89
22-Feb-15,244.54,246.39,233.85,235.98
21-Feb-15,243.75,255.32,243.18,244.53
20-Feb-15,240.25,247.1,239.3,243.78
19-Feb-15,236.41,242.67,235.59,240.28
18-Feb-15,243.78,244.25,232.34,236.33
17-Feb-15,233.42,245.78,232.31,243.61
16-Feb-15,234.82,239.52,229.02,233.84
15-Feb-15,257.51,265.61,227.68,234.82
14-Feb-15,235.53,259.81,235.53,257.32
13-Feb-15,221.97,240.26,221.26,235.43
12-Feb-15,219.21,222.2,217.61,221.76
11-Feb-15,219.73,223.41,218.07,219.19
10-Feb-15,220.28,221.81,215.33,219.84
9-Feb-15,223.39,223.98,217.02,220.11
8-Feb-15,227.69,229.44,221.08,223.41
7-Feb-15,222.63,230.3,222.61,227.75
6-Feb-15,216.92,230.51,216.23,222.27
5-Feb-15,227.66,239.41,214.72,217.11
4-Feb-15,227.51,230.06,221.11,226.85
3-Feb-15,237.45,245.96,224.48,227.27
2-Feb-15,226.49,242.18,222.66,238.23
1-Feb-15,216.87,231.57,212.01,226.97
31-Jan-15,226.44,233.5,216.31,217.46
30-Jan-15,232.77,242.85,225.84,226.43
29-Jan-15,233.35,238.71,220.71,233.51
28-Jan-15,263.35,266.54,227.05,233.91
27-Jan-15,273.17,275.48,250.65,263.48
26-Jan-15,254.08,309.38,254.08,273.47
25-Jan-15,247.35,255.07,243.89,253.72
24-Jan-15,232.7,248.21,230.02,247.85
23-Jan-15,233.52,234.84,225.2,232.88
22-Jan-15,227.32,237.02,226.43,233.41
21-Jan-15,211.38,227.79,211.21,226.9
20-Jan-15,212.91,215.24,205.15,211.31
19-Jan-15,211.47,216.73,207.32,214.86
18-Jan-15,200.05,218.69,194.51,210.34
17-Jan-15,207.83,211.73,194.88,199.26
16-Jan-15,209.07,221.59,199.77,208.1
15-Jan-15,176.9,229.07,176.9,209.84
14-Jan-15,223.89,223.89,171.51,178.1
13-Jan-15,267.39,268.28,219.91,225.86
12-Jan-15,266.15,272.2,265.2,267.8
11-Jan-15,274.61,279.64,265.04,265.66
10-Jan-15,287.3,288.13,273.97,274.8
9-Jan-15,282.38,291.11,280.53,290.41
8-Jan-15,294.13,294.13,282.18,283.35
7-Jan-15,286.08,298.75,283.08,294.34
6-Jan-15,274.61,287.55,272.7,286.19
5-Jan-15,265.08,278.34,265.08,274.47
4-Jan-15,281.15,287.23,257.61,264.19
3-Jan-15,314.85,315.15,281.08,281.08
2-Jan-15,314.08,315.84,313.56,315.03
1-Jan-15,320.44,320.44,314,314.25
31-Dec-14,310.91,320.19,310.21,320.19
30-Dec-14,312.72,314.81,309.37,310.74
29-Dec-14,317.7,320.27,312.31,312.67
28-Dec-14,316.16,320.03,311.08,317.24
27-Dec-14,327.58,328.91,312.63,315.86
26-Dec-14,319.15,331.42,316.63,327.92
25-Dec-14,322.29,322.67,316.96,319.01
24-Dec-14,334.38,334.74,321.36,322.53
23-Dec-14,332.02,336.29,329.6,334.57
22-Dec-14,321.07,334.12,320.43,331.89
21-Dec-14,329.54,329.63,318.9,320.84
20-Dec-14,317.62,330.32,316.04,329.96
19-Dec-14,311.18,318.53,306.77,317.84
18-Dec-14,319.79,323.71,304.23,311.4
17-Dec-14,326.86,333.95,315.15,319.78
16-Dec-14,345.67,345.86,327.06,327.06
15-Dec-14,351.36,351.81,344.93,345.35
14-Dec-14,346.73,353.32,345.42,351.63
13-Dec-14,352.38,352.38,346.59,347.38
12-Dec-14,350.83,352.98,349.29,352.54
11-Dec-14,344.34,361.36,338.76,350.51
10-Dec-14,352.2,352.38,346.37,346.37
9-Dec-14,361.89,363.07,344.95,352.22
8-Dec-14,374.96,376.03,361.89,361.91
7-Dec-14,374.84,376.29,373.27,375.1
6-Dec-14,376.76,378.45,370.94,374.79
5-Dec-14,369.44,379.19,365.76,376.85
4-Dec-14,375.72,378.65,367.76,369.6
3-Dec-14,381.72,383.03,374.35,375.01
2-Dec-14,379.25,384.04,377.86,381.31
1-Dec-14,378.25,383.66,376.67,379.25
30-Nov-14,375.51,382.53,373.31,378.05
29-Nov-14,376.15,387.6,372.14,375.49
28-Nov-14,369.37,382.84,358.45,376.45
27-Nov-14,370.5,373.99,368.28,369.67
26-Nov-14,376.02,377.7,365.82,368.37
25-Nov-14,376.89,394.7,374.78,375.35
24-Nov-14,366.95,387.21,366.67,376.9
23-Nov-14,353.18,370.85,353.18,367.57
22-Nov-14,351.6,364.84,350.88,352.92
21-Nov-14,357.88,357.88,344.11,350.85
20-Nov-14,380.31,382.02,356.78,357.84
19-Nov-14,373.9,386.48,373.9,380.56
18-Nov-14,387.79,392.4,371.12,375.2
17-Nov-14,388.35,410.2,377.5,387.41
16-Nov-14,374.73,390.8,374.6,387.88
15-Nov-14,399.65,405.53,371.01,376.13
14-Nov-14,418.42,419.25,384.79,397.82
13-Nov-14,427.27,457.09,401.12,420.74
12-Nov-14,367.99,429.72,367.99,423.56
11-Nov-14,365.86,371.31,363.74,367.69
10-Nov-14,362.26,374.82,357.56,366.92
9-Nov-14,345.38,363.63,344.25,363.26
8-Nov-14,342.15,347.03,342.15,345.49
7-Nov-14,349.82,352.73,341.78,342.42
6-Nov-14,339.46,352.97,338.42,349.29
5-Nov-14,330.68,343.37,330.68,339.49
4-Nov-14,327.16,331.77,325.08,330.49
3-Nov-14,325.57,334,325.48,327.55
2-Nov-14,326.07,329.05,320.63,325.89
1-Nov-14,338.65,340.53,321.06,325.75
31-Oct-14,345.01,348.05,337.14,338.32
30-Oct-14,335.71,350.91,335.07,345.31
29-Oct-14,357.09,357.83,335.34,335.59
28-Oct-14,353.21,359.98,352.68,357.62
27-Oct-14,354.78,358.63,349.81,352.99
26-Oct-14,347.49,359.22,343.93,354.7
25-Oct-14,358.61,359.86,342.88,347.27
24-Oct-14,358.59,364.35,353.31,358.35
23-Oct-14,382.96,385.05,356.45,358.42
22-Oct-14,386.12,388.58,382.25,383.16
21-Oct-14,382.42,392.65,380.83,386.48
20-Oct-14,389.23,390.08,378.25,382.85
19-Oct-14,391.25,393.94,386.46,389.55
18-Oct-14,383.98,395.16,378.97,391.44
17-Oct-14,382.76,385.48,375.39,383.76
16-Oct-14,394.52,398.81,373.07,382.56
15-Oct-14,400.95,402.23,388.77,394.77
14-Oct-14,391.69,411.7,391.32,400.87
13-Oct-14,377.92,397.23,368.9,390.41
12-Oct-14,362.61,379.43,356.14,378.55
11-Oct-14,361.36,367.19,355.95,362.3
10-Oct-14,364.69,375.07,352.96,361.56
9-Oct-14,352.75,382.73,347.69,365.03
8-Oct-14,336.12,354.36,327.19,352.94
7-Oct-14,330.58,339.25,320.48,336.19
6-Oct-14,320.39,345.13,302.56,330.08
5-Oct-14,328.92,341.8,289.3,320.51
4-Oct-14,359.89,364.49,325.89,328.87
3-Oct-14,375.18,377.69,357.86,359.51
2-Oct-14,383.99,385.5,372.95,375.07
1-Oct-14,387.43,391.38,380.78,383.62
30-Sep-14,376.09,390.98,373.44,386.94
29-Sep-14,376.93,385.21,372.24,375.47
28-Sep-14,399.47,401.02,374.33,377.18
27-Sep-14,403.56,406.62,397.37,399.52
26-Sep-14,411.43,414.94,400.01,404.43
25-Sep-14,423.16,423.52,409.47,411.57
24-Sep-14,435.75,436.11,421.13,423.2
23-Sep-14,402.09,441.56,396.2,435.79
22-Sep-14,399.1,406.92,397.13,402.15
21-Sep-14,408.08,412.43,393.18,398.82
20-Sep-14,394.67,423.3,389.88,408.9
19-Sep-14,424.1,427.83,384.53,394.8
18-Sep-14,456.86,456.86,413.1,424.44
17-Sep-14,465.86,468.17,452.42,457.33
16-Sep-14,474.86,475.64,465.13,466.06
15-Sep-14,477.76,478.62,474.02,475.37
14-Sep-14,479.12,479.85,476.12,477.89
13-Sep-14,477.79,482.12,475.1,479
12-Sep-14,479.58,479.63,473.01,477.75
11-Sep-14,479.62,482.35,474.61,479.75
10-Sep-14,475.48,487.47,475.14,479.36
9-Sep-14,474.88,477.38,467.78,475.26
8-Sep-14,481.81,489.83,468.79,474.6
7-Sep-14,485.13,488.07,482.28,482.28
6-Sep-14,483.34,488.6,483,484.83
5-Sep-14,489.67,490.64,481.61,483.34
4-Sep-14,477.68,493.93,477.09,489.66
3-Sep-14,476.87,481.71,476.21,477.59
2-Sep-14,474.48,482.99,472.32,477.43
1-Sep-14,477.79,485.31,471.91,474.88
31-Aug-14,502.9,504.88,474.81,477.76
30-Aug-14,508.59,509.31,501.64,504.25
29-Aug-14,508.43,511.69,503.82,508.52
28-Aug-14,510.88,516.16,506.88,507.81
27-Aug-14,512.19,520.71,510.92,511.15
26-Aug-14,502.54,512.69,502.54,511.57
25-Aug-14,508.22,508.22,499.23,502.5
24-Aug-14,498.29,512.89,497.35,508.29
23-Aug-14,513.39,514.3,492.11,498.07
22-Aug-14,517.58,521.48,501.27,514.04
21-Aug-14,510.45,531.9,510.45,517.24
20-Aug-14,485.07,518.28,467.51,511.98
19-Aug-14,461.48,485.71,455.54,485.25
18-Aug-14,491.51,499.37,443.85,461.46
17-Aug-14,519.14,520.19,483.63,491.8
16-Aug-14,497.83,521.48,487.74,519.71
15-Aug-14,511.14,518.18,487.93,497.01
14-Aug-14,546.18,546.24,498.73,505.97
13-Aug-14,570.38,573.03,532.67,546.66
12-Aug-14,576.51,576.95,566.6,569.64
11-Aug-14,591.28,591.51,574.05,576.37
10-Aug-14,589.17,594.46,587.94,591.06
9-Aug-14,592.47,592.47,587.63,589.37
8-Aug-14,588.88,598.12,588.79,592.58
7-Aug-14,584.65,591.1,584.05,588.87
6-Aug-14,585.95,587.49,583.1,584.65
5-Aug-14,589.01,589.87,584.1,585.44
4-Aug-14,586.23,591.95,583.74,588.78
3-Aug-14,588.89,589.15,581.65,586.67
2-Aug-14,594.9,594.91,586.15,589.33
1-Aug-14,586.2,597.92,583.63,594.92
31-Jul-14,567.37,586.24,564.51,586.24
30-Jul-14,584.74,585.12,564.9,567.29
29-Jul-14,585.55,588.38,581.7,584.73
28-Jul-14,594.14,594.57,575.18,585.69
27-Jul-14,595.67,598.94,593.43,593.85
26-Jul-14,601.54,602.09,593.96,595.81
25-Jul-14,601.51,607.07,597.23,601.09
24-Jul-14,619.5,620.43,595.57,601.73
23-Jul-14,621.12,624.43,618.29,619.41
22-Jul-14,622.27,624.3,620.96,621.55
21-Jul-14,623.95,624.09,619.11,622.21
20-Jul-14,628.56,628.56,622.77,623.9
19-Jul-14,629.17,629.17,624.6,628.51
18-Jul-14,622.37,629.21,620.47,628.78
17-Jul-14,616.54,626.29,608.4,623.09
16-Jul-14,622.01,623.09,615.33,616.8
15-Jul-14,620,625.14,619.63,621.59
14-Jul-14,626.56,627.34,617.32,619.32
13-Jul-14,634.22,634.73,624.91,626.5
12-Jul-14,631.88,636.66,626.98,633.71
11-Jul-14,616.66,632.09,615.77,632
10-Jul-14,624.83,626.12,612.35,616.76
9-Jul-14,625.22,627,622.6,624.51
8-Jul-14,622.57,626.7,620.91,624.82
7-Jul-14,635.46,637.16,617.01,624.09
6-Jul-14,631.77,638.65,631.16,635.81
5-Jul-14,629.95,633.22,628,631.46
4-Jul-14,644.65,648.43,629.4,630.69
3-Jul-14,650.77,650.77,641.3,645.16
2-Jul-14,641.04,656.68,638.34,650.88
1-Jul-14,641.39,657.86,640.11,640.81
30-Jun-14,602.62,645.15,599.88,639.8
29-Jun-14,596.33,604.08,596.16,602.72
28-Jun-14,599.08,604.47,595.92,596.55
27-Jun-14,581.3,600.12,579.88,597.26
26-Jun-14,566.14,581.63,564.73,581.14
25-Jun-14,581.81,583.6,565.63,566.34
24-Jun-14,593.97,596.97,582.36,582.36
23-Jun-14,602.16,603.21,586.34,593.98
22-Jun-14,595.9,606,594.63,602.27
21-Jun-14,593.68,599.46,587.74,594.99
20-Jun-14,597.4,599.75,587.76,594.15
19-Jun-14,608.07,612.24,597.02,598.07
18-Jun-14,609.77,615.88,604.4,607.96
17-Jun-14,591.59,610.89,590.4,610.86
16-Jun-14,592.65,608.72,587.07,592.19
15-Jun-14,575.93,592.94,554.89,592.94
14-Jun-14,600.75,601.27,549.82,577.36
13-Jun-14,585.7,615.14,585.7,600.16
12-Jun-14,633.43,638.11,573.27,586.95
11-Jun-14,653.19,657.04,632.55,633.02
10-Jun-14,650.04,659.62,646.56,653.15
9-Jun-14,655.64,657.7,644.39,649.16
8-Jun-14,654.99,658.88,653.47,656.14
7-Jun-14,653.52,656.94,644.91,654.97
6-Jun-14,659.28,661.37,652.3,653.7
5-Jun-14,641.07,663.53,640.09,659.26
4-Jun-14,666.77,668.56,624.09,641.61
3-Jun-14,660.55,674.11,650.78,667.61
2-Jun-14,629.64,665.5,618.75,660.62
1-Jun-14,623.69,671.51,619.91,630.23
31-May-14,615.69,624.72,604.47,623.68
30-May-14,568.18,618.46,568.16,615.33
29-May-14,576.33,577.1,561.6,568.18
28-May-14,571.91,578.62,564.09,577.06
27-May-14,582.59,589.52,554.43,571.24
26-May-14,571.39,588.39,565.33,583.42
25-May-14,525.23,576.48,525.23,571.59
24-May-14,521.05,525.17,516.28,525.14
23-May-14,525.72,541.96,520.08,520.22
22-May-14,492.05,525.36,490.19,524.58
21-May-14,485.8,494.37,483.49,491.77
20-May-14,446.31,491.44,446.01,485.72
19-May-14,446.08,447.56,443.1,446.18
18-May-14,448.7,449.77,444.78,446.26
17-May-14,448.12,451.98,447.3,448.9
16-May-14,447.39,450.66,444.96,448.06
15-May-14,444.14,449.8,443.63,447.25
14-May-14,440.59,446.66,440.5,443.97
13-May-14,441.53,441.98,436.97,440.67
12-May-14,438.3,442.26,434.23,441.46
11-May-14,453.92,455.34,433.4,438.89
10-May-14,450.46,455.77,448.47,454.43
9-May-14,440.18,452.69,440.14,449.46
8-May-14,438.68,448.4,438.14,440.17
7-May-14,429.34,446.13,428.45,438.82
6-May-14,433.36,448.04,423.25,428.96
5-May-14,434.78,440.97,427.62,433.48
4-May-14,438.52,439.77,430.05,436.4
3-May-14,449.4,449.4,430.68,437.76
2-May-14,457.36,457.93,443.4,449.38
1-May-14,447.63,460.61,447.63,457.76
30-Apr-14,446.89,451.1,436.7,447.64
29-Apr-14,439.98,451.64,435.18,447.21
28-Apr-14,430.72,447.53,422.94,440.29
27-Apr-14,457.24,459.33,436.39,436.39
26-Apr-14,461.7,464.54,449.1,458.6
25-Apr-14,500.09,500.3,442.95,461.45
24-Apr-14,490.82,500.46,482.95,500.46
23-Apr-14,488.36,493.25,485.82,491.3
22-Apr-14,495.45,503.22,487.58,487.92
21-Apr-14,497.74,510.57,493.2,495.77
20-Apr-14,501.75,510.87,490.84,498.17
19-Apr-14,479.58,503.56,470.56,501.56
18-Apr-14,495.8,498.6,472.74,479.64
17-Apr-14,529.07,533.52,484.87,495.96
16-Apr-14,522.18,542.38,502.78,527.39
15-Apr-14,458.37,519,453.54,515.59
14-Apr-14,414.83,469.75,407.37,458.79
13-Apr-14,421.46,427.4,395.25,414.06
12-Apr-14,420.89,439.61,415.79,421.12
11-Apr-14,363.71,429.77,351.27,420.95
10-Apr-14,442.26,443.37,358.73,365.18
9-Apr-14,453.18,455.73,441.93,442.73
8-Apr-14,447.61,457.42,446.11,453.09
7-Apr-14,461.47,462.56,445.12,449.42
6-Apr-14,463.4,466.32,452.97,460.5
5-Apr-14,446.68,463.57,444.2,461.91
4-Apr-14,445.66,454.65,429.09,447.53
3-Apr-14,436.44,449.56,414.89,444.72
2-Apr-14,479.14,495.05,431.27,437.14
1-Apr-14,457,495.34,457,478.38
31-Mar-14,462.3,483.02,443.37,457
30-Mar-14,492.37,492.37,444.18,460.27
29-Mar-14,501.71,504.86,489.73,491.17
28-Mar-14,477.14,526.02,473.23,495.67
27-Mar-14,580.26,580.56,471.24,471.24
26-Mar-14,583.48,590.03,570.96,580.83
25-Mar-14,585.03,585.44,572.61,583.92
24-Mar-14,562.51,586.56,551.77,583.41
23-Mar-14,565.76,570.24,560.88,561.27
22-Mar-14,571.18,572.55,554.39,565.04
21-Mar-14,588.29,604.59,561.81,571.49
20-Mar-14,609.75,609.75,587.49,588.77
19-Mar-14,613.9,622,609.1,609.89
18-Mar-14,621.84,622.39,603.8,614.83
17-Mar-14,630.92,632.68,616.86,622.37
16-Mar-14,636.5,637.52,628.11,631.11
15-Mar-14,629.37,639.14,627.3,636.12
14-Mar-14,638.14,639.53,627.21,628.8
13-Mar-14,633.62,644.2,630.85,638.14
12-Mar-14,631.91,648.03,629.51,632.1
11-Mar-14,627.95,638.42,618.84,634.11
10-Mar-14,636.33,644.76,615.02,627.79
9-Mar-14,616.31,643.95,612.35,636.96
8-Mar-14,629.66,635.14,604.46,617.45
7-Mar-14,664.31,665.34,616.35,629.15
6-Mar-14,664.52,669.77,649.79,663.86
5-Mar-14,666.24,674.28,646.28,665.51
4-Mar-14,668.24,696.22,655.68,666.78
3-Mar-14,562.56,702.91,560.52,667.76
2-Mar-14,567.23,570.48,553.27,559.79
1-Mar-14,549.92,573.38,539.29,565.61
28-Feb-14,579.7,584.14,545.17,549.26
27-Feb-14,581.65,594.05,566.62,578.77
26-Feb-14,537.04,603.8,532.58,582.69
25-Feb-14,540.24,541.38,420.41,538.71
24-Feb-14,606.04,607.61,538.7,546.32
23-Feb-14,606.47,639.91,599.7,605.82
22-Feb-14,574.24,614.48,558.58,605.42
21-Feb-14,556.88,582.96,530.47,574.16
20-Feb-14,623.09,627.73,556.14,556.14
19-Feb-14,625.97,631.77,618.7,623.03
18-Feb-14,627.16,645.76,612.54,626.6
17-Feb-14,614.23,656.95,607.31,626.27
16-Feb-14,651.3,665.1,584.17,616.63
15-Feb-14,660.9,661.84,632.84,650.92
14-Feb-14,601.17,691.72,541.04,661.99
13-Feb-14,651.08,657.99,601.91,605.24
12-Feb-14,672.38,672.9,643.04,651.72
11-Feb-14,683.5,712.46,636.66,672.17
10-Feb-14,681.32,703.71,550.5,681.03
9-Feb-14,671.46,712.27,655.25,682.9
8-Feb-14,699.57,721.82,661.87,673.92
7-Feb-14,783.2,783.2,654.35,712.4
6-Feb-14,815.59,819.81,770.59,781.55
5-Feb-14,829.96,837.32,811.91,811.91
4-Feb-14,823.77,840.17,820.94,827.96
3-Feb-14,824.08,826.48,807.22,823.83
2-Feb-14,832.9,844.72,820.67,825.37
1-Feb-14,828.61,853.52,827.11,832.58
31-Jan-14,818.43,831.87,812.6,829.92
30-Jan-14,826.02,830.5,799.06,819.03
29-Jan-14,809.96,836.87,809.85,826
28-Jan-14,774.02,832.5,766.98,812.51
27-Jan-14,884.6,893,757.11,771.39
26-Jan-14,853.68,897.02,844.86,885.28
25-Jan-14,796.24,861.45,792.96,853.61
24-Jan-14,822.43,822.43,783.58,797.07
23-Jan-14,845.46,851.57,819.32,822.04
22-Jan-14,867.21,870.15,837.36,845.59
21-Jan-14,869.65,881.2,855.93,863.91
20-Jan-14,871.39,886.39,853.87,870.2
19-Jan-14,839.66,870.96,825.53,870.96
18-Jan-14,816.07,841.49,816.07,840
17-Jan-14,834.49,842.91,797.63,814.64
16-Jan-14,860.29,866.16,835.63,835.63
15-Jan-14,833.12,872.81,830.86,860.9
14-Jan-14,843.17,855.69,825.66,833.27
13-Jan-14,860.19,861.29,806.05,841.2
12-Jan-14,919.6,928.52,851.17,863.22
11-Jan-14,867.32,921.48,861.72,913.95
10-Jan-14,846.69,871.19,822.6,868.48
9-Jan-14,841.47,864.36,804.14,846.86
8-Jan-14,795.99,870.68,776.18,842.72
7-Jan-14,946.49,965.74,802,802
6-Jan-14,936.05,1017.12,905.71,953.29
5-Jan-14,858.55,952.4,854.52,933.53
4-Jan-14,823.27,859.51,801.67,859.51
3-Jan-14,802.85,834.15,789.12,818.72
2-Jan-14,773.44,820.31,767.21,802.39
1-Jan-14,754.97,775.35,754.97,771.4
31-Dec-13,760.32,760.58,738.17,754.01
30-Dec-13,741.35,766.6,740.24,756.13
29-Dec-13,728.05,748.61,714.44,745.05
28-Dec-13,737.98,747.06,705.35,727.83
27-Dec-13,763.28,777.51,713.6,735.07
26-Dec-13,683.94,777.75,683.94,761.98
25-Dec-13,666.31,682.7,649.48,682.21
24-Dec-13,672.36,684.39,645.71,665.58
23-Dec-13,613.06,680.91,611.04,673.41
22-Dec-13,601.78,666.74,585.64,617.18
21-Dec-13,619.9,654.27,579.17,605.66
20-Dec-13,694.22,729.16,595.33,625.32
19-Dec-13,519.06,707.23,502.89,691.96
18-Dec-13,678.2,679.32,420.51,522.7
17-Dec-13,706.37,754.83,630.88,682.12
16-Dec-13,880.33,882.25,668.25,705.97
15-Dec-13,875.29,886.16,825,876.12
14-Dec-13,899.85,904.65,858.36,872.6
13-Dec-13,874.98,941.79,860.05,892.58
12-Dec-13,882.78,901.94,844.95,873.26
11-Dec-13,989.07,1001.58,834.23,878.48
10-Dec-13,892.32,997.23,892.32,988.51
9-Dec-13,793.8,921.93,780.9,893.19
8-Dec-13,697.31,802.51,670.88,795.87
7-Dec-13,835.32,854.64,640.22,698.23
6-Dec-13,1042.38,1042.38,829.45,829.45
5-Dec-13,1152.73,1154.36,897.11,1045.11
4-Dec-13,1077.58,1156.12,1070.16,1151.17
3-Dec-13,1046.4,1096,1011.21,1078.28
2-Dec-13,951.42,1055.42,938.41,1043.33
1-Dec-13,1128.92,1133.08,801.82,955.85
30-Nov-13,1129.37,1156.14,1106.61,1129.43
29-Nov-13,1042.01,1146.97,1000.64,1131.97
28-Nov-13,1003.38,1077.56,962.17,1031.95
27-Nov-13,923.85,1001.96,891.68,1001.96
26-Nov-13,805.73,928.54,800.8,928.1
25-Nov-13,773.02,810.68,754.43,799.11
24-Nov-13,795.63,807.36,722.87,774.25
23-Nov-13,771.7,844.97,771.7,797.82
22-Nov-13,724.07,780.85,668.13,771.44
21-Nov-13,594.32,733.4,577.29,722.43
20-Nov-13,577.98,599.65,448.45,590.83
19-Nov-13,712.76,806.11,456.39,584.61
18-Nov-13,496.58,703.78,494.94,703.56
17-Nov-13,440.96,500.58,440.24,492.11
16-Nov-13,417.28,450.26,415.57,440.22
15-Nov-13,419.41,437.89,396.11,417.95
14-Nov-13,406.41,425.9,395.19,420.2
13-Nov-13,360.97,414.05,359.8,407.37
12-Nov-13,343.06,362.81,342.8,360.33
11-Nov-13,325.41,351.27,311.78,342.44
10-Nov-13,348.82,350.7,277.24,326.62
9-Nov-13,338.58,370.82,319.71,339.11
8-Nov-13,297.85,338.66,296.93,338.11
7-Nov-13,261.68,304.17,261.55,296.41
6-Nov-13,244.78,263,244.78,262.5
5-Nov-13,229.21,250.66,226.22,245.24
4-Nov-13,214.66,231.01,213.94,229.1
3-Nov-13,205.99,215.05,203.99,215.05
2-Nov-13,205.81,207.76,201.65,206.22
1-Nov-13,203.9,206.65,202.13,206.18
31-Oct-13,199.83,205.18,198.85,204
30-Oct-13,204.39,209.16,199.97,199.97
29-Oct-13,198.55,204.79,198.55,204.39
28-Oct-13,196.21,198.62,192.06,198.55
27-Oct-13,176.6,196.44,176.6,196.44
26-Oct-13,187.45,188.41,175.75,177.32
25-Oct-13,197.69,198.87,168.5,186.69
24-Oct-13,214.3,217.42,168.52,198.23
23-Oct-13,193.36,213.62,192.38,213.62
22-Oct-13,182.65,196.27,182.65,193.76
21-Oct-13,174.8,184.82,174.8,182.21
20-Oct-13,171.66,174.91,168.95,174.61
19-Oct-13,155.91,177.48,155.7,172.42
18-Oct-13,146.37,155.96,145.57,155.96
17-Oct-13,142.41,147.42,142.41,146.25
16-Oct-13,145.65,152.23,142.43,142.55
15-Oct-13,140.77,145.39,139.13,145.24
14-Oct-13,139.27,144.12,138.9,140.52
13-Oct-13,135.19,138.66,134.55,138.13
12-Oct-13,130.9,135.66,130.56,135.19
11-Oct-13,130.75,131.81,129.64,130.9
10-Oct-13,130.67,131.5,129.26,130.59
9-Oct-13,125.85,131.75,125.58,130.69
8-Oct-13,126.74,127.47,124.71,126
7-Oct-13,129.43,130.27,126.36,126.94
6-Oct-13,128.36,129.66,126.15,129
5-Oct-13,128.63,130.44,128.03,128.55
4-Oct-13,123.41,130.09,123.41,129.01
3-Oct-13,114.45,123.63,111.82,123.63
2-Oct-13,132.05,133.59,102.25,114.13
1-Oct-13,132.68,134.63,131.55,132.18
30-Sep-13,137.15,138.35,130.27,133
29-Sep-13,134.9,140.61,134.71,137.34
28-Sep-13,133.77,135.63,132.56,134.78
27-Sep-13,128.94,134.74,128.49,133.78
26-Sep-13,128.21,134.93,127.32,128.38
25-Sep-13,127.38,129.69,127.33,128.22
24-Sep-13,126.05,127.46,125.39,127.25
23-Sep-13,128.98,132.72,125.66,125.95
22-Sep-13,127.87,133.94,126.59,129.12
21-Sep-13,126.95,128.61,126.24,127.43
20-Sep-13,129.7,135.62,126.68,127.04
19-Sep-13,131.37,131.77,128.45,129.65
18-Sep-13,131.71,133.2,130.54,131.47
17-Sep-13,131.59,132.76,124.89,131.66
16-Sep-13,130.86,132.72,129.77,131.72
15-Sep-13,129.4,131.44,128.26,130.37
14-Sep-13,135.01,135.85,128.87,129.22
13-Sep-13,132.83,137.58,132.27,134.98
12-Sep-13,135.55,136.08,131.81,133.13
11-Sep-13,125.89,137.83,123.27,135.25
10-Sep-13,127.27,129.74,125.9,125.91
9-Sep-13,121.86,129.06,119.75,127.11
8-Sep-13,124.13,124.72,120.49,121.66
7-Sep-13,118.89,125.94,118.46,124.15
6-Sep-13,126.49,127.34,119.15,119.15
5-Sep-13,126.76,131.44,121.83,126.43
4-Sep-13,136.53,144.5,123.61,126.74
3-Sep-13,135.61,138.34,133,136.77
2-Sep-13,138.63,146.5,134.89,135.85
1-Sep-13,135.14,145.81,134.81,138.34
31-Aug-13,133.09,140.89,132.72,135.35
30-Aug-13,122.35,135.75,120.99,133.49
29-Aug-13,122.62,123.7,122.21,122.39
28-Aug-13,126.48,127.32,122.62,122.62
27-Aug-13,120.07,127.24,120.07,126.5
26-Aug-13,122.11,122.75,119.93,120.06
25-Aug-13,119.6,122.99,119.17,122.11
24-Aug-13,118.51,121.39,118.02,120.05
23-Aug-13,122,122,118.44,118.5
22-Aug-13,123.3,123.5,120.6,121.15
21-Aug-13,121.21,124.91,119.68,123.3
20-Aug-13,119,123.01,117.51,121.2
19-Aug-13,113.38,123.06,111.77,119
18-Aug-13,112.75,114.69,112,113.5
17-Aug-13,108.99,113.75,108.22,113.5
16-Aug-13,110,112.3,108.52,108.99
15-Aug-13,112.56,113.25,109,109.99
14-Aug-13,109.56,115,108,112.56
13-Aug-13,106.99,109.35,104.65,109
12-Aug-13,105,108,103.5,106.64
11-Aug-13,103,105.19,102.75,105
10-Aug-13,102.8,103.9,102.41,103
9-Aug-13,103.07,105.75,101.94,102.8
8-Aug-13,106.75,106.75,101.26,103
7-Aug-13,106.75,106.75,106.75,106.75
6-Aug-13,106.72,107.38,105.56,106.75
5-Aug-13,105.12,107.77,105,106.22
4-Aug-13,104.95,105.95,103.52,105.14
3-Aug-13,104.5,105.78,102,104
2-Aug-13,104.86,108,101.21,104.5
1-Aug-13,106.21,108,103.01,104
31-Jul-13,107.95,111.34,103.88,106.09
30-Jul-13,101.49,107.99,100.47,107.99
29-Jul-13,98.6,102.5,98.45,101.2
28-Jul-13,94.4,100.58,94,99.76
27-Jul-13,96.02,97,93,94.12
26-Jul-13,96.95,97.47,96,96.02
25-Jul-13,94.5,97.33,93.87,96.9
24-Jul-13,95.56,95.99,93,94.51
23-Jul-13,91.6,96.82,91.6,95.56
22-Jul-13,92,92,90.08,91.61
21-Jul-13,89.82,91.95,88,90.76
20-Jul-13,92,93.1,89.27,89.39
19-Jul-13,90.07,95.2,87.8,92.17
18-Jul-13,98.5,98.8,86.2,90.58
17-Jul-13,96.71,99.97,96.18,98.5
16-Jul-13,98.89,99.86,96.14,97.45
15-Jul-13,93.61,101.9,93.11,98.4
14-Jul-13,98.7,98.7,92.86,94.69
13-Jul-13,93.99,98.25,88.06,98.13
12-Jul-13,88.98,104,88.17,93.59
11-Jul-13,88,90.28,85.08,88.98
10-Jul-13,76.72,87,76.2,86.76
9-Jul-13,76,78.3,72.52,76.69
8-Jul-13,76.5,80,72.6,76.52
7-Jul-13,68.75,74.56,66.62,74.56
6-Jul-13,68.5,75,66.82,70.28
5-Jul-13,79.99,80,65.53,68.43
4-Jul-13,78.89,83.11,72,80.53
3-Jul-13,90.41,90.98,76.98,77.53
2-Jul-13,88.05,92.3,87.51,90.13
1-Jul-13,97.51,97.66,86.3,88.05
30-Jun-13,95,98.12,94.22,96.61
29-Jun-13,94.66,99.99,93,94.99
28-Jun-13,101.74,101.74,92.33,94.65
27-Jun-13,104,104,101.1,101.44
26-Jun-13,103.33,105.49,102.79,104
25-Jun-13,102.09,106.47,101.01,103.95
24-Jun-13,107.9,108.33,100.98,102.74
23-Jun-13,108.2,108.8,106.23,107.6
22-Jun-13,109.5,109.96,107.51,108.3
21-Jun-13,111.29,114.99,107.69,109.5
20-Jun-13,108.25,114.3,107.5,110.15
19-Jun-13,107.05,110.22,105.75,108.25
18-Jun-13,101.95,111.11,101.03,107.4
17-Jun-13,99.9,102.21,99,101.7
16-Jun-13,99.8,101.6,98.95,99.51
15-Jun-13,100,103.7,98,99.99
14-Jun-13,103.95,104.7,98,99.98
13-Jun-13,108.78,110.3,100.53,104
12-Jun-13,109,111.79,106.73,108.15
11-Jun-13,106.35,109.6,104,108.9
10-Jun-13,100.44,110.1,95,106.35
9-Jun-13,107.89,108.99,88.5,100
8-Jun-13,111,111.42,107.3,108.3
7-Jun-13,118.97,119,106.42,111.5
6-Jun-13,121.9,123.1,117.25,118
5-Jun-13,121.4,123.47,119.9,121.65
4-Jun-13,120.74,123.84,119.1,121.42
3-Jun-13,122.5,122.5,116,122.22
2-Jun-13,129.3,129.4,115.05,122.29
1-Jun-13,128.81,129.78,127.2,129.3
31-May-13,128.8,129.9,126.4,129
30-May-13,132.25,132.25,127,128.8
29-May-13,129,132.59,127.66,132.3
28-May-13,129.77,130.58,125.6,129
27-May-13,133.5,135.47,124.7,129.75
26-May-13,131.99,136,130.62,133.48
25-May-13,133.1,133.22,128.9,131.98
24-May-13,126.3,133.85,125.72,133.2
23-May-13,123.8,126.93,123.1,126.7
22-May-13,122.89,124,122,123.89
21-May-13,122.02,123,121.21,122.88
20-May-13,122.5,123.62,120.12,122
19-May-13,123.21,124.5,119.57,121.99
18-May-13,123.5,125.25,122.3,123.5
17-May-13,118.21,125.3,116.57,123.02
16-May-13,114.22,118.76,112.2,118.76
15-May-13,111.4,115.81,103.5,114.22
14-May-13,117.98,119.8,110.25,111.5
13-May-13,114.82,118.7,114.5,117.98
12-May-13,115.64,117.45,113.44,115
11-May-13,117.7,118.68,113.01,115.24
10-May-13,112.8,122,111.55,117.2
9-May-13,113.2,113.46,109.26,112.67
8-May-13,109.6,115.78,109.6,113.57
7-May-13,112.25,113.44,97.7,111.5
6-May-13,115.98,124.66,106.64,112.3
5-May-13,112.9,118.8,107.14,115.91
4-May-13,98.1,115,92.5,112.5
3-May-13,106.25,108.13,79.1,97.75
2-May-13,116.38,125.6,92.28,105.21
1-May-13,139,139.89,107.72,116.99
30-Apr-13,144,146.93,134.05,139
29-Apr-13,134.44,147.49,134,144.54
28-Apr-13,135.3,135.98,132.1,134.21
